category,subcategory,symptoms,step_number,diagnosis_step,possible_results,vehicle_type,fuel_type,symptom,possible_fault,severity,user_fixable,tools_needed,beginner_steps,mechanic_advice,estimated_cost_inr,urgency,safety_warning
ABS System,ABS Control Module,ABS warning light on | Brake pedal pulsation,1,Check ABS fuse,Blown | Intact,,,,,,,,,,,,
ABS System,ABS Control Module,ABS warning light on | Brake pedal pulsation,2,Inspect wiring to ABS module,Faulty wiring | Good wiring,,,,,,,,,,,,
ABS System,ABS Wheel Speed Sensor,ABS light stays on | Erratic speedometer,1,Inspect wheel speed sensor connections,Loose connections | Secure connections,,,,,,,,,,,,
ABS System,ABS Wheel Speed Sensor,ABS light stays on | Erratic speedometer,2,Check wheel speed sensor for debris or damage,Dirty/damaged | Clean/intact,,,,,,,,,,,,
ABS System,Brake Booster,Spongy brake pedal | Hard brake pedal,1,Check brake booster vacuum hose,Leaking | Intact,,,,,,,,,,,,
ABS System,Brake Booster,Spongy brake pedal | Hard brake pedal,2,Test brake booster vacuum pressure,Low vacuum pressure | Normal vacuum pressure,,,,,,,,,,,,
ABS System,Brake Caliper,Brake pulling to one side | Brake dragging,1,Inspect brake caliper for leaks,Leaking fluid | No leaks,,,,,,,,,,,,
ABS System,Brake Caliper,Brake pulling to one side | Brake dragging,2,Check brake caliper piston operation,Stuck piston | Free-moving piston,,,,,,,,,,,,
ABS System,Brake Hose,Brake fluid leak | Soft brake pedal,1,Inspect brake hose for cracks or leaks,Cracked/leaking hose | Intact hose,,,,,,,,,,,,
ABS System,Brake Hose,Brake fluid leak | Soft brake pedal,2,Pressure test brake hose,Failed pressure test | Passes pressure test,,,,,,,,,,,,
ABS System,Brake Master Cylinder,Spongy brake pedal | Brake fluid leaks,1,Check brake fluid level in master cylinder,Low fluid level | Normal fluid level,,,,,,,,,,,,
ABS System,Brake Master Cylinder,Spongy brake pedal | Brake fluid leaks,2,Inspect master cylinder for leaks or damage,Leaking/damaged | Intact,,,,,,,,,,,,
ABS System,Brake Pad,Squealing brakes | Brake pedal pulsation,1,Check brake pad thickness,Worn pads | Sufficient thickness pads,,,,,,,,,,,,
ABS System,Brake Pad,Squealing brakes | Brake pedal pulsation,2,Inspect brake pad condition,Worn/damaged pads | Good condition pads,,,,,,,,,,,,
ABS System,Brake Rotor,Brake pedal pulsation | Steering wheel vibration,1,Measure brake rotor thickness,Thin rotor | Sufficient thickness rotor,,,,,,,,,,,,
ABS System,Brake Rotor,Brake pedal pulsation | Steering wheel vibration,2,Inspect brake rotor for scoring or warping,Scored/warped rotor | Smooth rotor,,,,,,,,,,,,
ABS System,Brake Shoe & Drum,Spongy brake pedal | Brake dragging,1,Inspect brake shoes for wear,Worn shoes | Good condition shoes,,,,,,,,,,,,
ABS System,Brake Shoe & Drum,Spongy brake pedal | Brake dragging,2,Check brake drum for scoring or cracks,Scored/cracked drum | Smooth drum,,,,,,,,,,,,
Air Conditioning System,AC Compressor,No cold air from vents | Loud noise when AC is on,1,Check AC compressor clutch operation,Clutch not engaging | Clutch engages properly,,,,,,,,,,,,
Air Conditioning System,AC Compressor,No cold air from vents | Loud noise when AC is on,2,Inspect AC compressor for leaks or damage,Leaking/damaged compressor | Intact compressor,,,,,,,,,,,,
Air Conditioning System,AC Condenser,Warm air from AC vents | AC system not cooling,1,Inspect AC condenser for debris or blockage,Debris/blockage present | Clean/clear condenser,,,,,,,,,,,,
Air Conditioning System,AC Condenser,Warm air from AC vents | AC system not cooling,2,Check for leaks in AC condenser,Leaking condenser | No leaks,,,,,,,,,,,,
Air Conditioning System,AC Evaporator,Musty odor from vents | Weak airflow from vents,1,Inspect AC evaporator for mold or mildew buildup,Mold/mildew present | Clean evaporator,,,,,,,,,,,,
Air Conditioning System,AC Evaporator,Musty odor from vents | Weak airflow from vents,2,Check AC evaporator temperature sensor,Faulty sensor | Good sensor,,,,,,,,,,,,
Air Conditioning System,AC Recharge,Warm air from vents | Low AC system pressure,1,Check AC system pressure with gauge,Low pressure | Normal pressure,,,,,,,,,,,,
Air Conditioning System,AC Recharge,Warm air from vents | Low AC system pressure,2,Inspect for leaks in AC system,Leaking system | No leaks,,,,,,,,,,,,
Air Conditioning System,Air Conditioning Diagnosis,AC system not working | Unusual noise from AC system,1,Perform AC system diagnostic scan,Error codes present | No error codes,,,,,,,,,,,,
Air Conditioning System,Air Conditioning Diagnosis,AC system not working | Unusual noise from AC system,2,Check AC system components for proper operation,Component failure | Components working properly,,,,,,,,,,,,
Air Conditioning System,Cabin Air Filter,Musty odor from vents | Reduced airflow from vents,1,Inspect and replace cabin air filter,Dirty/clogged filter | Clean/new filter,,,,,,,,,,,,
Air Conditioning System,Cabin Air Filter,Musty odor from vents | Reduced airflow from vents,2,Check for debris in cabin air intake,Debris in intake | Clear intake,,,,,,,,,,,,
Air Conditioning System,Heater Blower Motor,No air from vents | Loud noise from HVAC system,1,Test blower motor operation,Motor not running | Motor running properly,,,,,,,,,,,,
Air Conditioning System,Heater Blower Motor,No air from vents | Loud noise from HVAC system,2,Inspect blower motor for debris or damage,Debris/damage present | Clean/intact motor,,,,,,,,,,,,
Air Conditioning System,Heater Blower Motor Resistor,HVAC fan speed erratic | HVAC fan only works on certain settings,1,Test blower motor resistor continuity,Resistor failure | Resistor working properly,,,,,,,,,,,,
Air Conditioning System,Heater Blower Motor Resistor,HVAC fan speed erratic | HVAC fan only works on certain settings,2,Inspect resistor for overheating or burn marks,Overheated/burned resistor | Good condition resistor,,,,,,,,,,,,
Cooling System,Coolant/Antifreeze,Engine overheating | Coolant leaks under the vehicle,1,Check coolant level and condition,Low/dirty coolant | Sufficient/clean coolant,,,,,,,,,,,,
Cooling System,Coolant/Antifreeze,Engine overheating | Coolant leaks under the vehicle,2,Inspect radiator and hoses for leaks,Leaking radiator/hoses | No leaks,,,,,,,,,,,,
Cooling System,Coolant Leak Diagnosis,Visible coolant puddle under vehicle | Coolant odor in cabin,1,Pressure test cooling system,Leaking system | No leaks detected,,,,,,,,,,,,
Cooling System,Coolant Leak Diagnosis,Visible coolant puddle under vehicle | Coolant odor in cabin,2,"Inspect radiator, hoses, and water pump for leaks",Leaking component found | Components are intact,,,,,,,,,,,,
Cooling System,Engine Cooling System,Engine overheating | Temperature gauge in red zone,1,Check radiator for blockage or damage,Blocked/damaged radiator | Clear/intact radiator,,,,,,,,,,,,
Cooling System,Engine Cooling System,Engine overheating | Temperature gauge in red zone,2,Test thermostat operation,Faulty thermostat | Thermostat functioning properly,,,,,,,,,,,,
Cooling System,Heater Core,No heat from vents | Sweet smell in cabin,1,Inspect heater core for leaks,Leaking heater core | No leaks detected,,,,,,,,,,,,
Cooling System,Heater Core,No heat from vents | Sweet smell in cabin,2,Check coolant flow through heater core,Restricted flow | Good coolant flow,,,,,,,,,,,,
Cooling System,Heater Hose,Coolant odor in cabin | Visible coolant leak under vehicle,1,Inspect heater hose connections,Loose/damaged connections | Secure/intact connections,,,,,,,,,,,,
Cooling System,Heater Hose,Coolant odor in cabin | Visible coolant leak under vehicle,2,Pressure test heater hoses,Leaking hose detected | No leaks found,,,,,,,,,,,,
Cooling System,Radiator/Cooling Fan,Engine overheating | AC not cooling at idle,1,Test radiator fan operation,Fan not spinning | Fan operates correctly,,,,,,,,,,,,
Cooling System,Radiator/Cooling Fan,Engine overheating | AC not cooling at idle,2,Inspect radiator fan motor and relay,Faulty motor/relay | Motor/relay functioning properly,,,,,,,,,,,,
Cooling System,Radiator Hose,Coolant leak under vehicle | Visible wear/cracks on hoses,1,Inspect radiator hoses for damage,Damaged hoses found | Hoses are in good condition,,,,,,,,,,,,
Cooling System,Radiator Hose,Coolant leak under vehicle | Visible wear/cracks on hoses,2,Check hose connections for leaks,Leaking connections | No leaks detected,,,,,,,,,,,,
Cooling System,Water Pump,Engine overheating | Coolant leak near front of engine,1,Inspect water pump for leaks,Leaking pump | No leaks detected,,,,,,,,,,,,
Cooling System,Water Pump,Engine overheating | Coolant leak near front of engine,2,Test water pump for proper operation,Faulty pump | Pump working correctly,,,,,,,,,,,,
Drivetrain,Bevel Gears,Whining noise from drivetrain | Difficulty shifting gears,1,Inspect bevel gears for wear or damage,Worn/damaged gears | Gears in good condition,,,,,,,,,,,,
Drivetrain,Bevel Gears,Whining noise from drivetrain | Difficulty shifting gears,2,Check gear oil level and condition,Low/dirty gear oil | Sufficient/clean gear oil,,,,,,,,,,,,
Drivetrain,Center Differential,Vehicle binding on turns | Noise from drivetrain while turning,1,Inspect center differential fluid,Low/dirty fluid | Clean/sufficient fluid,,,,,,,,,,,,
Drivetrain,Center Differential,Vehicle binding on turns | Noise from drivetrain while turning,2,Check for excessive play in center differential,Excessive play detected | No excessive play,,,,,,,,,,,,
Drivetrain,Clutch Cable,Clutch pedal feels loose | Difficulty engaging gears,1,Inspect clutch cable for fraying or stretching,Damaged cable | Intact cable,,,,,,,,,,,,
Drivetrain,Clutch Cable,Clutch pedal feels loose | Difficulty engaging gears,2,Adjust clutch cable tension,Incorrect tension | Correct tension,,,,,,,,,,,,
Drivetrain,Clutch Slave Cylinder,Clutch pedal feels spongy | Fluid leak near clutch pedal,1,Check clutch slave cylinder for leaks,Leaking cylinder | No leaks detected,,,,,,,,,,,,
Drivetrain,Clutch Slave Cylinder,Clutch pedal feels spongy | Fluid leak near clutch pedal,2,Inspect clutch fluid level and condition,Low/dirty fluid | Sufficient/clean fluid,,,,,,,,,,,,
Drivetrain,Differential,Whining noise from rear end | Vehicle vibration at high speeds,1,Inspect differential fluid level and condition,Low/dirty fluid | Clean/sufficient fluid,,,,,,,,,,,,
Drivetrain,Differential,Whining noise from rear end | Vehicle vibration at high speeds,2,Check for differential bearing wear,Worn bearings | Bearings in good condition,,,,,,,,,,,,
Drivetrain,Live Axle,Axle noise while turning | Vehicle leans to one side,1,Inspect live axle for cracks or bending,Cracked/bent axle | Axle is intact,,,,,,,,,,,,
Drivetrain,Live Axle,Axle noise while turning | Vehicle leans to one side,2,Check axle bearings for wear,Worn bearings | Bearings in good condition,,,,,,,,,,,,
Drivetrain,Rigid Axle,Vehicle bounces over bumps | Loud noise from rear axle,1,Inspect rigid axle for cracks or damage,Cracked/damaged axle | Axle in good condition,,,,,,,,,,,,
Drivetrain,Rigid Axle,Vehicle bounces over bumps | Loud noise from rear axle,2,Check axle bearings for wear,Worn bearings | Bearings in good condition,,,,,,,,,,,,
Drivetrain,Slushbox,Transmission slipping | Delay in gear engagement,1,Check transmission fluid level and condition,Low/dirty fluid | Clean/sufficient fluid,,,,,,,,,,,,
Drivetrain,Slushbox,Transmission slipping | Delay in gear engagement,2,Inspect transmission for leaks,Leaking transmission | No leaks detected,,,,,,,,,,,,
Drivetrain,Universal Joint,Driveline vibration | Clunking noise when shifting,1,Inspect universal joint for wear or play,Worn/play detected | Joint in good condition,,,,,,,,,,,,
Drivetrain,Universal Joint,Driveline vibration | Clunking noise when shifting,2,Check driveline alignment,Misaligned driveline | Properly aligned driveline,,,,,,,,,,,,
Drivetrain,Viscous Coupling,Vehicle binding during turns | Noise from drivetrain while turning,1,Test viscous coupling operation,Coupling failure | Coupling functioning properly,,,,,,,,,,,,
Drivetrain,Viscous Coupling,Vehicle binding during turns | Noise from drivetrain while turning,2,Inspect viscous coupling fluid,Low/dirty fluid | Clean/sufficient fluid,,,,,,,,,,,,
Electrical System,Battery Replacement,Engine cranks slowly | Clicking sound when starting,1,Test battery voltage,Low voltage | Sufficient voltage,,,,,,,,,,,,
Electrical System,Battery Replacement,Engine cranks slowly | Clicking sound when starting,2,Inspect battery terminals for corrosion,Corroded terminals | Clean terminals,,,,,,,,,,,,
Electrical System,Charging System,Battery warning light on | Dim headlights,1,Test alternator output,Low output | Normal output,,,,,,,,,,,,
Electrical System,Charging System,Battery warning light on | Dim headlights,2,Check alternator belt tension,Loose belt | Properly tensioned belt,,,,,,,,,,,,
Electrical System,Check Engine Light Diagnosis,Check engine light on | Poor engine performance,1,Scan for diagnostic trouble codes (DTCs),DTCs present | No DTCs,,,,,,,,,,,,
Electrical System,Check Engine Light Diagnosis,Check engine light on | Poor engine performance,2,Check sensors related to DTCs,Faulty sensor | Sensor working properly,,,,,,,,,,,,
Electrical System,Door Window Motor,Window does not move | Window moves intermittently,1,Test power to window motor,No power | Power present,,,,,,,,,,,,
Electrical System,Door Window Motor,Window does not move | Window moves intermittently,2,Inspect window regulator for damage,Damaged regulator | Regulator intact,,,,,,,,,,,,
Electrical System,Door Window Regulator,Window off track | Window stuck in one position,1,Inspect window regulator mechanism,Mechanism jammed | Mechanism functioning,,,,,,,,,,,,
Electrical System,Door Window Regulator,Window off track | Window stuck in one position,2,Check window alignment in tracks,Misaligned window | Properly aligned window,,,,,,,,,,,,
Electrical System,Headlamp Bulb,Headlight not working | Dim headlight,1,Inspect headlamp bulb for filament condition,Burnt out filament | Filament intact,,,,,,,,,,,,
Electrical System,Headlamp Bulb,Headlight not working | Dim headlight,2,Check headlamp socket for corrosion,Corroded socket | Clean socket,,,,,,,,,,,,
Electrical System,Ignition Distributor Cap,Engine misfires | Difficulty starting engine,1,Inspect distributor cap for cracks or carbon tracks,Cracked/damaged cap | Cap in good condition,,,,,,,,,,,,
Electrical System,Ignition Distributor Cap,Engine misfires | Difficulty starting engine,2,Check distributor rotor for wear,Worn rotor | Rotor in good condition,,,,,,,,,,,,
Electrical System,Ignition Wire Set,Engine misfires | Poor fuel economy,1,Test ignition wires for continuity,Broken wire | Wires intact,,,,,,,,,,,,
Electrical System,Ignition Wire Set,Engine misfires | Poor fuel economy,2,Inspect spark plug boots for damage,Damaged boots | Intact boots,,,,,,,,,,,,
Electrical System,Power Door Lock Actuator,Door lock not responding | Clicking sound from door,1,Test power to door lock actuator,No power | Power present,,,,,,,,,,,,
Electrical System,Power Door Lock Actuator,Door lock not responding | Clicking sound from door,2,Inspect actuator mechanism for obstruction,Obstructed mechanism | Clear mechanism,,,,,,,,,,,,
Electrical System,Starter Motor,Engine does not crank | Clicking sound when key is turned,1,Test starter motor solenoid,Faulty solenoid | Solenoid working properly,,,,,,,,,,,,
Electrical System,Starter Motor,Engine does not crank | Clicking sound when key is turned,2,Inspect starter motor brushes for wear,Worn brushes | Brushes in good condition,,,,,,,,,,,,
Electrical System,Windshield Washer Pump,No washer fluid spray | Weak washer fluid spray,1,Test power to washer pump,No power | Power present,,,,,,,,,,,,
Electrical System,Windshield Washer Pump,No washer fluid spray | Weak washer fluid spray,2,Inspect washer pump for clogs or damage,Clogged/damaged pump | Clean/intact pump,,,,,,,,,,,,
Electrical System,Wiper Motor,Wipers not working | Wipers operate intermittently,1,Test power to wiper motor,No power | Power present,,,,,,,,,,,,
Electrical System,Wiper Motor,Wipers not working | Wipers operate intermittently,2,Inspect wiper motor linkage for wear,Worn linkage | Intact linkage,,,,,,,,,,,,
Emissions System,Canister Purge Valve,Check engine light on | Rough idle,1,Test canister purge valve operation,Valve stuck open/closed | Valve operates correctly,,,,,,,,,,,,
Emissions System,Canister Purge Valve,Check engine light on | Rough idle,2,Check for leaks in purge valve hoses,Leaking hoses | No leaks,,,,,,,,,,,,
Emissions System,Catalytic Converter,Rotten egg smell from exhaust | Check engine light on,1,Inspect catalytic converter for physical damage,Damaged converter | Converter intact,,,,,,,,,,,,
Emissions System,Catalytic Converter,Rotten egg smell from exhaust | Check engine light on,2,Check catalytic converter efficiency,Low efficiency | High efficiency,,,,,,,,,,,,
Emissions System,Charcoal Canister,Fuel odor from vehicle | Check engine light on,1,Test charcoal canister purge valve,Valve stuck open/closed | Valve operates correctly,,,,,,,,,,,,
Emissions System,Charcoal Canister,Fuel odor from vehicle | Check engine light on,2,Inspect canister for cracks or damage,Cracked/damaged canister | Intact canister,,,,,,,,,,,,
Emissions System,Exhaust Manifold,Loud exhaust noise | Exhaust smell in cabin,1,Inspect exhaust manifold for cracks or leaks,Cracked/leaking manifold | Intact manifold,,,,,,,,,,,,
Emissions System,Exhaust Manifold,Loud exhaust noise | Exhaust smell in cabin,2,Check exhaust manifold gasket for leaks,Leaking gasket | Good gasket,,,,,,,,,,,,
Emissions System,Exhaust Manifold Gasket,Loud exhaust noise | Visible exhaust leaks,1,Inspect exhaust manifold gasket for leaks,Leaking gasket | Good gasket,,,,,,,,,,,,
Emissions System,Exhaust Manifold Gasket,Loud exhaust noise | Visible exhaust leaks,2,Check exhaust manifold bolts for tightness,Loose bolts | Tight bolts,,,,,,,,,,,,
Emissions System,Fuel Tank Pressure Sensor,Check engine light on | Gas cap warning light,1,Test fuel tank pressure sensor,Faulty sensor | Sensor working properly,,,,,,,,,,,,
Emissions System,Fuel Tank Pressure Sensor,Check engine light on | Gas cap warning light,2,Check fuel tank cap for proper seal,Loose cap | Sealed cap,,,,,,,,,,,,
Emissions System,Knock Sensor,Engine knocking/pinging | Poor fuel economy,1,Test knock sensor operation,Faulty sensor | Sensor working properly,,,,,,,,,,,,
Emissions System,Knock Sensor,Engine knocking/pinging | Poor fuel economy,2,Inspect for engine misfire codes,Misfire codes present | No misfire codes,,,,,,,,,,,,
Emissions System,M.A.P. Sensor,Check engine light on | Rough idle,1,Test M.A.P. sensor voltage,Low voltage | Normal voltage,,,,,,,,,,,,
Emissions System,M.A.P. Sensor,Check engine light on | Rough idle,2,Inspect M.A.P. sensor vacuum hose,Leaking hose | Intact hose,,,,,,,,,,,,
Emissions System,Oxygen Sensor,Check engine light on | Poor fuel economy,1,Test oxygen sensor voltage,Low voltage | Normal voltage,,,,,,,,,,,,
Emissions System,Oxygen Sensor,Check engine light on | Poor fuel economy,2,Inspect oxygen sensor wiring for damage,Damaged wiring | Intact wiring,,,,,,,,,,,,
Engine Components,Balance Shaft,Engine vibration | Rough idle,1,Inspect balance shaft for wear or damage,Worn/damaged shaft | Shaft in good condition,,,,,,,,,,,,
Engine Components,Balance Shaft,Engine vibration | Rough idle,2,Check balance shaft alignment,Misaligned shaft | Properly aligned shaft,,,,,,,,,,,,
Engine Components,Boost Pressure,Loss of power | Turbo lag,1,Check boost pressure with gauge,Low boost pressure | Normal boost pressure,,,,,,,,,,,,
Engine Components,Boost Pressure,Loss of power | Turbo lag,2,Inspect intercooler for leaks or damage,Leaking/damaged intercooler | Intact intercooler,,,,,,,,,,,,
Engine Components,Diesel Injection Pump,Engine misfires | Black smoke from exhaust,1,Test diesel injection pump pressure,Low pressure | Normal pressure,,,,,,,,,,,,
Engine Components,Diesel Injection Pump,Engine misfires | Black smoke from exhaust,2,Inspect diesel injectors for leaks or clogs,Leaking/clogged injectors | Clean/in-tolerance injectors,,,,,,,,,,,,
Engine Components,Diesel Glow Plug,Hard starting in cold weather | Glow plug indicator light stays on,1,Test glow plug resistance,High resistance | Normal resistance,,,,,,,,,,,,
Engine Components,Diesel Glow Plug,Hard starting in cold weather | Glow plug indicator light stays on,2,Inspect glow plug for carbon buildup,Carbon buildup | Clean plug,,,,,,,,,,,,
Engine Components,Engine Mounts,Excessive engine movement | Clunking noise when accelerating,1,Inspect engine mounts for wear or damage,Worn/damaged mounts | Mounts in good condition,,,,,,,,,,,,
Engine Components,Engine Mounts,Excessive engine movement | Clunking noise when accelerating,2,Check mounting bolts for tightness,Loose bolts | Tight bolts,,,,,,,,,,,,
Engine Components,Exhaust Valve,Engine misfires | Rough idle,1,Inspect exhaust valve for carbon buildup,Buildup on valve | Clean valve,,,,,,,,,,,,
Engine Components,Exhaust Valve,Engine misfires | Rough idle,2,Check valve clearance,Incorrect clearance | Correct clearance,,,,,,,,,,,,
Engine Components,Fuel Injector,Engine misfires | Poor fuel economy,1,Test fuel injector spray pattern,Irregular spray pattern | Uniform spray pattern,,,,,,,,,,,,
Engine Components,Fuel Injector,Engine misfires | Poor fuel economy,2,Inspect injector for leaks or clogs,Leaking/clogged injector | Clean/in-tolerance injector,,,,,,,,,,,,
Engine Components,Idle Air Control Valve,Erratic idle speed | Stalling at idle,1,Test IAC valve for proper operation,Valve stuck open/closed | Valve operates correctly,,,,,,,,,,,,
Engine Components,Idle Air Control Valve,Erratic idle speed | Stalling at idle,2,Clean throttle body and IAC valve,Dirty components | Clean components,,,,,,,,,,,,
Engine Components,Intake Valve,Engine misfires | Rough idle,1,Inspect intake valve for carbon buildup,Buildup on valve | Clean valve,,,,,,,,,,,,
Engine Components,Intake Valve,Engine misfires | Rough idle,2,Check valve clearance,Incorrect clearance | Correct clearance,,,,,,,,,,,,
Engine Components,Oil Pump,Low oil pressure warning light | Engine knocking noise,1,Test oil pressure with gauge,Low oil pressure | Normal oil pressure,,,,,,,,,,,,
Engine Components,Oil Pump,Low oil pressure warning light | Engine knocking noise,2,Inspect oil pump for wear or damage,Worn/damaged pump | Pump in good condition,,,,,,,,,,,,
Engine Components,Piston Rings,Blue smoke from exhaust | Loss of engine power,1,Perform compression test,Low compression | Good compression,,,,,,,,,,,,
Engine Components,Piston Rings,Blue smoke from exhaust | Loss of engine power,2,Inspect piston rings for wear or damage,Worn/damaged rings | Rings in good condition,,,,,,,,,,,,
Engine Components,Timing Belt,Engine misfires | Engine won't start,1,Inspect timing belt for wear or damage,Worn/damaged belt | Belt in good condition,,,,,,,,,,,,
Engine Components,Timing Belt,Engine misfires | Engine won't start,2,Check timing marks for alignment,Misaligned timing marks | Properly aligned marks,,,,,,,,,,,,
Engine Components,Valve Cover Gasket,Oil leak around valve cover | Burning oil smell from engine bay,1,Inspect valve cover gasket for leaks,Leaking gasket | Good gasket seal,,,,,,,,,,,,
Engine Components,Valve Cover Gasket,Oil leak around valve cover | Burning oil smell from engine bay,2,Check valve cover bolts for tightness,Loose bolts | Tight bolts,,,,,,,,,,,,
Engine Components,Fan Belt,Engine overheating | Squealing noise from engine bay,1,Inspect fan belt for cuts or wear,Cut/worn belt | Belt in good condition,,,,,,,,,,,,
Engine Components,Fan Belt,Engine overheating | Squealing noise from engine bay,2,Check belt tension and alignment,Loose/misaligned belt | Properly tensioned/aligned belt,,,,,,,,,,,,
Electrical System,Horn,No sound when horn button pressed,1,Check horn fuse,Blown fuse | Fuse intact,,,,,,,,,,,,
Electrical System,Horn,No sound when horn button pressed,2,Test horn relay for operation,Faulty relay | Relay working properly,,,,,,,,,,,,
Electrical System,Battery Charging,Battery warning light on | Low voltage,1,Test battery voltage,Low voltage | Normal voltage,,,,,,,,,,,,
Electrical System,Battery Charging,Battery warning light on | Low voltage,2,Inspect alternator for proper operation,Faulty alternator | Alternator working correctly,,,,,,,,,,,,
Engine Components,Engine Belt,Engine performance issues | Squealing noise from engine bay,1,Inspect engine belt for cuts or wear,Cut/worn belt | Belt in good condition,,,,,,,,,,,,
Engine Components,Engine Belt,Engine performance issues | Squealing noise from engine bay,2,Check belt tension and alignment,Loose/misaligned belt | Properly tensioned/aligned belt,,,,,,,,,,,,
Steering,Steering Noise,Noise when turning steering wheel,1,Inspect power steering fluid level,Low fluid level | Sufficient fluid level,,,,,,,,,,,,
Steering,Steering Noise,Noise when turning steering wheel,2,Check power steering pump and hoses for leaks,Leaking pump/hoses | Pump and hoses in good condition,,,,,,,,,,,,
Drivetrain,Shaft and Tires,Uneven tire wear | Vibration while driving,1,Inspect shaft for balance and alignment,Imbalanced/misaligned shaft | Properly balanced/aligned shaft,,,,,,,,,,,,
Drivetrain,Shaft and Tires,Uneven tire wear | Vibration while driving,2,Check tire pressure and condition,Low/inappropriate pressure | Correct tire pressure and condition,,,,,,,,,,,,
Engine Compartment,Air Filter,Decreased engine performance | Black smoke from exhaust,1,Inspect air filter for clogs or dirt,Clogged/dirty filter | Clean filter,,,,,,,,,,,,
Engine Compartment,Air Filter,Decreased engine performance | Black smoke from exhaust,2,Replace air filter if necessary,Replace filter | Filter in good condition,,,,,,,,,,,,
Engine Compartment,Engine Control Unit (ECU),Engine misfires | Poor fuel economy,1,Check ECU for fault codes,Fault codes present | No fault codes,,,,,,,,,,,,
Engine Compartment,Engine Control Unit (ECU),Engine misfires | Poor fuel economy,2,Inspect ECU wiring harness for damage,Damaged harness | Intact harness,,,,,,,,,,,,
Engine Compartment,Engine Oil,Low oil pressure warning light | Loud engine noise,1,Check engine oil level and condition,Low/dirty oil | Clean/sufficient oil,,,,,,,,,,,,
Engine Compartment,Engine Oil,Low oil pressure warning light | Loud engine noise,2,Inspect for oil leaks,Oil leaks present | No leaks detected,,,,,,,,,,,,
Engine Compartment,Fuel Filter,Engine stalls at high speeds | Poor acceleration,1,Inspect fuel filter for clogs or debris,Clogged/dirty filter | Clean filter,,,,,,,,,,,,
Engine Compartment,Fuel Filter,Engine stalls at high speeds | Poor acceleration,2,Replace fuel filter if necessary,Replace filter | Filter in good condition,,,,,,,,,,,,
Engine Compartment,PCV Valve,Oil leaks | Rough idle,1,Inspect PCV valve for clogs,Clogged valve | Valve clear,,,,,,,,,,,,
Engine Compartment,PCV Valve,Oil leaks | Rough idle,2,Check PCV valve hose for cracks,Cracked hose | Intact hose,,,,,,,,,,,,
Engine Compartment,Throttle Body,Poor acceleration | Stalling at idle,1,Inspect throttle body for carbon buildup,Buildup present | Clean throttle body,,,,,,,,,,,,
Engine Compartment,Throttle Body,Poor acceleration | Stalling at idle,2,Test throttle position sensor (TPS),Faulty TPS | TPS working correctly,,,,,,,,,,,,
Fuel System,Fuel Injector,Engine misfires | Poor fuel economy,1,Test fuel injector spray pattern,Irregular spray pattern | Uniform spray pattern,,,,,,,,,,,,
Fuel System,Fuel Injector,Engine misfires | Poor fuel economy,2,Inspect injector for leaks or clogs,Leaking/clogged injector | Clean/in-tolerance injector,,,,,,,,,,,,
Fuel System,Fuel Pressure Regulator,Engine stalls | Black smoke from exhaust,1,Test fuel pressure regulator operation,Regulator malfunction | Regulator functions correctly,,,,,,,,,,,,
Fuel System,Fuel Pressure Regulator,Engine stalls | Black smoke from exhaust,2,Check fuel pressure at regulator,Low/high pressure | Correct pressure,,,,,,,,,,,,
Fuel System,Fuel Pump,Engine sputters at high speeds | Loss of power,1,Test fuel pump pressure,Low pressure | Normal pressure,,,,,,,,,,,,
Fuel System,Fuel Pump,Engine sputters at high speeds | Loss of power,2,Inspect fuel pump for leaks or damage,Leaking/damaged pump | Intact pump,,,,,,,,,,,,
Fuel System,Fuel Tank,Fuel odor inside vehicle | Visible fuel leak under vehicle,1,Inspect fuel tank for leaks or damage,Leaking/damaged tank | Tank in good condition,,,,,,,,,,,,
Fuel System,Fuel Tank,Fuel odor inside vehicle | Visible fuel leak under vehicle,2,Check fuel filler cap for seal,Loose/broken cap | Cap seals properly,,,,,,,,,,,,
Fuel System,Throttle Position Sensor,Engine hesitates on acceleration | Stalling at idle,1,Test throttle position sensor (TPS) voltage,Low voltage | Normal voltage,,,,,,,,,,,,
Fuel System,Throttle Position Sensor,Engine hesitates on acceleration | Stalling at idle,2,Inspect TPS wiring for damage or corrosion,Damaged/corroded wiring | Intact wiring,,,,,,,,,,,,
Liquid Systems,Brake Fluid,Soft brake pedal | Brake warning light on,1,Check brake fluid level and condition,Low/dirty fluid | Clean/sufficient fluid,,,,,,,,,,,,
Liquid Systems,Brake Fluid,Soft brake pedal | Brake warning light on,2,Inspect brake lines for leaks,Leaking lines | Lines in good condition,,,,,,,,,,,,
Liquid Systems,Coolant Reservoir,Engine overheating | Low coolant warning light,1,Check coolant level in reservoir,Low coolant level | Sufficient coolant level,,,,,,,,,,,,
Liquid Systems,Coolant Reservoir,Engine overheating | Low coolant warning light,2,Inspect reservoir for cracks or leaks,Cracked/leaking reservoir | Intact reservoir,,,,,,,,,,,,
Liquid Systems,Power Steering Fluid,Whining noise when turning | Stiff steering wheel,1,Check power steering fluid level,Low fluid level | Sufficient fluid level,,,,,,,,,,,,
Liquid Systems,Power Steering Fluid,Whining noise when turning | Stiff steering wheel,2,Inspect power steering hoses for leaks,Leaking hoses | Hoses in good condition,,,,,,,,,,,,
Liquid Systems,Radiator,Engine overheating | Coolant leak,1,Inspect radiator for leaks or damage,Leaking/damaged radiator | Radiator in good condition,,,,,,,,,,,,
Liquid Systems,Radiator,Engine overheating | Coolant leak,2,Check radiator cap for proper seal,Loose/broken cap | Cap seals properly,,,,,,,,,,,,
Liquid Systems,Windshield Washer Fluid,No washer fluid spray | Weak washer fluid spray,1,Check washer fluid level,Low fluid level | Sufficient fluid level,,,,,,,,,,,,
Liquid Systems,Windshield Washer Fluid,No washer fluid spray | Weak washer fluid spray,2,Inspect washer fluid pump for operation,Faulty pump | Pump operates correctly,,,,,,,,,,,,
Transmission,Clutch Master Cylinder,Soft clutch pedal | Clutch slipping,1,Check clutch fluid level,Low fluid level | Sufficient fluid level,,,,,,,,,,,,
Transmission,Clutch Master Cylinder,Soft clutch pedal | Clutch slipping,2,Inspect master cylinder for leaks,Leaking cylinder | Cylinder in good condition,,,,,,,,,,,,
Transmission,Torque Converter,Slipping gears | Shuddering during acceleration,1,Inspect torque converter for leaks or damage,Leaking/damaged converter | Converter in good condition,,,,,,,,,,,,
Transmission,Torque Converter,Slipping gears | Shuddering during acceleration,2,Check transmission fluid level and condition,Low/dirty fluid | Clean/sufficient fluid,,,,,,,,,,,,
Transmission,Transmission Fluid,Gears slipping | Transmission overheating,1,Check transmission fluid level and condition,Low/dirty fluid | Clean/sufficient fluid,,,,,,,,,,,,
Transmission,Transmission Fluid,Gears slipping | Transmission overheating,2,Inspect transmission pan and seals for leaks,Leaking pan/seals | Pan/seals in good condition,,,,,,,,,,,,
Transmission,Transmission Filter,Delayed shifting | Transmission slipping,1,Inspect transmission filter for clogs or debris,Clogged/dirty filter | Clean filter,,,,,,,,,,,,
Transmission,Transmission Filter,Delayed shifting | Transmission slipping,2,Replace transmission filter if necessary,Replace filter | Filter in good condition,,,,,,,,,,,,
Transmission,Transmission Solenoid,Erratic shifting | Transmission won't shift gears,1,Test transmission solenoids for electrical continuity,Faulty solenoid | Solenoid working correctly,,,,,,,,,,,,
Transmission,Transmission Solenoid,Erratic shifting | Transmission won't shift gears,2,Inspect wiring harness for damage or corrosion,Damaged/corroded wiring | Intact wiring,,,,,,,,,,,,
Wheels & Tires,Wheel Bearing,Grinding noise from wheels | Uneven tire wear,1,Check wheel bearing for play,Loose/worn bearing | Bearing in good condition,,,,,,,,,,,,
Wheels & Tires,Wheel Bearing,Grinding noise from wheels | Uneven tire wear,2,Inspect bearing for signs of damage or corrosion,Damaged/corroded bearing | Clean/intact bearing,,,,,,,,,,,,
Wheels & Tires,Tire Pressure Monitoring System (TPMS),TPMS warning light on | Low tire pressure,1,Check tire pressures with gauge,Low/high pressure | Correct pressure,,,,,,,,,,,,
Wheels & Tires,Tire Pressure Monitoring System (TPMS),TPMS warning light on | Low tire pressure,2,Inspect TPMS sensors for damage or corrosion,Damaged/corroded sensors | Clean/intact sensors,,,,,,,,,,,,
Wheels & Tires,Wheel Hub,Clicking or popping noise when turning | Wheel wobbling,1,Inspect wheel hub for play or bearing noise,Loose/worn hub | Hub in good condition,,,,,,,,,,,,
Wheels & Tires,Wheel Hub,Clicking or popping noise when turning | Wheel wobbling,2,Check wheel bearings for wear,Worn bearings | Bearings in good condition,,,,,,,,,,,,
,,,,,,Car,Petrol/Diesel,ABS warning light on; Brake pedal pulsation,ABS Control Module,high,no,Basic toolkit,Check ABS fuse. Inspect wiring to ABS module,"If issue continues after basic inspection, visit a mechanic for abs control module diagnosis.",500-10000,immediate,Be careful while working near moving or hot vehicle parts.
,,,,,,Car,Petrol/Diesel,ABS light stays on; Erratic speedometer,ABS Wheel Speed Sensor,medium,no,Basic toolkit,Inspect wheel speed sensor connections. Check wheel speed sensor for debris or damage,"If issue continues after basic inspection, visit a mechanic for abs wheel speed sensor diagnosis.",500-10000,soon,Be careful while working near moving or hot vehicle parts.
,,,,,,Car,Petrol/Diesel,Spongy brake pedal; Hard brake pedal,Brake Booster,high,no,Basic toolkit,Check brake booster vacuum hose. Test brake booster vacuum pressure,"If issue continues after basic inspection, visit a mechanic for brake booster diagnosis.",500-10000,immediate,Be careful while working near moving or hot vehicle parts.
,,,,,,Car,Petrol/Diesel,Brake pulling to one side; Brake dragging,Brake Caliper,high,no,Basic toolkit,Inspect brake caliper for leaks. Check brake caliper piston operation,"If issue continues after basic inspection, visit a mechanic for brake caliper diagnosis.",500-10000,immediate,Be careful while working near moving or hot vehicle parts.
,,,,,,Car,Petrol/Diesel,Brake fluid leak; Soft brake pedal,Brake Hose,high,yes,Basic toolkit,Inspect brake hose for cracks or leaks. Pressure test brake hose,"If issue continues after basic inspection, visit a mechanic for brake hose diagnosis.",500-10000,immediate,Be careful while working near moving or hot vehicle parts.
,,,,,,Car,Petrol/Diesel,Spongy brake pedal; Brake fluid leaks,Brake Master Cylinder,high,no,Basic toolkit,Check brake fluid level in master cylinder. Inspect master cylinder for leaks or damage,"If issue continues after basic inspection, visit a mechanic for brake master cylinder diagnosis.",500-10000,immediate,Be careful while working near moving or hot vehicle parts.
,,,,,,Car,Petrol/Diesel,Squealing brakes; Brake pedal pulsation,Brake Pad,high,no,Basic toolkit,Check brake pad thickness. Inspect brake pad condition,"If issue continues after basic inspection, visit a mechanic for brake pad diagnosis.",500-10000,immediate,Be careful while working near moving or hot vehicle parts.
,,,,,,Car,Petrol/Diesel,Brake pedal pulsation; Steering wheel vibration,Brake Rotor,high,no,Basic toolkit,Measure brake rotor thickness. Inspect brake rotor for scoring or warping,"If issue continues after basic inspection, visit a mechanic for brake rotor diagnosis.",500-10000,immediate,Be careful while working near moving or hot vehicle parts.
,,,,,,Car,Petrol/Diesel,Spongy brake pedal; Brake dragging,Brake Shoe & Drum,high,no,Basic toolkit,Inspect brake shoes for wear. Check brake drum for scoring or cracks,"If issue continues after basic inspection, visit a mechanic for brake shoe & drum diagnosis.",500-10000,immediate,Be careful while working near moving or hot vehicle parts.
,,,,,,Car,Petrol/Diesel,No cold air from vents; Loud noise when AC is on,AC Compressor,medium,no,Basic toolkit,Check AC compressor clutch operation. Inspect AC compressor for leaks or damage,"If issue continues after basic inspection, visit a mechanic for ac compressor diagnosis.",500-10000,soon,Be careful while working near moving or hot vehicle parts.
,,,,,,Car,Petrol/Diesel,Warm air from AC vents; AC system not cooling,AC Condenser,medium,no,Basic toolkit,Inspect AC condenser for debris or blockage. Check for leaks in AC condenser,"If issue continues after basic inspection, visit a mechanic for ac condenser diagnosis.",500-10000,soon,Be careful while working near moving or hot vehicle parts.
,,,,,,Car,Petrol/Diesel,Musty odor from vents; Weak airflow from vents,AC Evaporator,medium,no,Basic toolkit,Inspect AC evaporator for mold or mildew buildup. Check AC evaporator temperature sensor,"If issue continues after basic inspection, visit a mechanic for ac evaporator diagnosis.",500-10000,soon,Be careful while working near moving or hot vehicle parts.
,,,,,,Car,Petrol/Diesel,Warm air from vents; Low AC system pressure,AC Recharge,medium,no,Basic toolkit,Check AC system pressure with gauge. Inspect for leaks in AC system,"If issue continues after basic inspection, visit a mechanic for ac recharge diagnosis.",500-10000,soon,Be careful while working near moving or hot vehicle parts.
,,,,,,Car,Petrol/Diesel,AC system not working; Unusual noise from AC system,Air Conditioning Diagnosis,medium,no,Basic toolkit,Perform AC system diagnostic scan. Check AC system components for proper operation,"If issue continues after basic inspection, visit a mechanic for air conditioning diagnosis diagnosis.",500-10000,soon,Be careful while working near moving or hot vehicle parts.
,,,,,,Car,Petrol/Diesel,Musty odor from vents; Reduced airflow from vents,Cabin Air Filter,medium,yes,Basic toolkit,Inspect and replace cabin air filter. Check for debris in cabin air intake,"If issue continues after basic inspection, visit a mechanic for cabin air filter diagnosis.",500-10000,soon,Be careful while working near moving or hot vehicle parts.
,,,,,,Car,Petrol/Diesel,No air from vents; Loud noise from HVAC system,Heater Blower Motor,medium,no,Basic toolkit,Test blower motor operation. Inspect blower motor for debris or damage,"If issue continues after basic inspection, visit a mechanic for heater blower motor diagnosis.",500-10000,soon,Be careful while working near moving or hot vehicle parts.
,,,,,,Car,Petrol/Diesel,HVAC fan speed erratic; HVAC fan only works on certain settings,Heater Blower Motor Resistor,medium,no,Basic toolkit,Test blower motor resistor continuity. Inspect resistor for overheating or burn marks,"If issue continues after basic inspection, visit a mechanic for heater blower motor resistor diagnosis.",500-10000,soon,Be careful while working near moving or hot vehicle parts.
,,,,,,Car,Petrol/Diesel,Engine overheating; Coolant leaks under the vehicle,Coolant/Antifreeze,high,yes,Basic toolkit,Check coolant level and condition. Inspect radiator and hoses for leaks,"If issue continues after basic inspection, visit a mechanic for coolant/antifreeze diagnosis.",500-10000,immediate,Be careful while working near moving or hot vehicle parts.
,,,,,,Car,Petrol/Diesel,Visible coolant puddle under vehicle; Coolant odor in cabin,Coolant Leak Diagnosis,medium,yes,Basic toolkit,"Pressure test cooling system. Inspect radiator, hoses, and water pump for leaks","If issue continues after basic inspection, visit a mechanic for coolant leak diagnosis diagnosis.",500-10000,soon,Be careful while working near moving or hot vehicle parts.
,,,,,,Car,Petrol/Diesel,Engine overheating; Temperature gauge in red zone,Engine Cooling System,high,no,Basic toolkit,Check radiator for blockage or damage. Test thermostat operation,"If issue continues after basic inspection, visit a mechanic for engine cooling system diagnosis.",500-10000,immediate,Be careful while working near moving or hot vehicle parts.
,,,,,,Car,Petrol/Diesel,No heat from vents; Sweet smell in cabin,Heater Core,medium,no,Basic toolkit,Inspect heater core for leaks. Check coolant flow through heater core,"If issue continues after basic inspection, visit a mechanic for heater core diagnosis.",500-10000,soon,Be careful while working near moving or hot vehicle parts.
,,,,,,Car,Petrol/Diesel,Coolant odor in cabin; Visible coolant leak under vehicle,Heater Hose,medium,yes,Basic toolkit,Inspect heater hose connections. Pressure test heater hoses,"If issue continues after basic inspection, visit a mechanic for heater hose diagnosis.",500-10000,soon,Be careful while working near moving or hot vehicle parts.
,,,,,,Car,Petrol/Diesel,Engine overheating; AC not cooling at idle,Radiator/Cooling Fan,high,no,Basic toolkit,Test radiator fan operation. Inspect radiator fan motor and relay,"If issue continues after basic inspection, visit a mechanic for radiator/cooling fan diagnosis.",500-10000,immediate,Be careful while working near moving or hot vehicle parts.
,,,,,,Car,Petrol/Diesel,Coolant leak under vehicle; Visible wear/cracks on hoses,Radiator Hose,medium,yes,Basic toolkit,Inspect radiator hoses for damage. Check hose connections for leaks,"If issue continues after basic inspection, visit a mechanic for radiator hose diagnosis.",500-10000,soon,Be careful while working near moving or hot vehicle parts.
,,,,,,Car,Petrol/Diesel,Engine overheating; Coolant leak near front of engine,Water Pump,high,no,Basic toolkit,Inspect water pump for leaks. Test water pump for proper operation,"If issue continues after basic inspection, visit a mechanic for water pump diagnosis.",500-10000,immediate,Be careful while working near moving or hot vehicle parts.
,,,,,,Car,Petrol/Diesel,Whining noise from drivetrain; Difficulty shifting gears,Bevel Gears,medium,no,Basic toolkit,Inspect bevel gears for wear or damage. Check gear oil level and condition,"If issue continues after basic inspection, visit a mechanic for bevel gears diagnosis.",500-10000,soon,Be careful while working near moving or hot vehicle parts.
,,,,,,Car,Petrol/Diesel,Vehicle binding on turns; Noise from drivetrain while turning,Center Differential,medium,no,Basic toolkit,Inspect center differential fluid. Check for excessive play in center differential,"If issue continues after basic inspection, visit a mechanic for center differential diagnosis.",500-10000,soon,Be careful while working near moving or hot vehicle parts.
,,,,,,Car,Petrol/Diesel,Clutch pedal feels loose; Difficulty engaging gears,Clutch Cable,medium,no,Basic toolkit,Inspect clutch cable for fraying or stretching. Adjust clutch cable tension,"If issue continues after basic inspection, visit a mechanic for clutch cable diagnosis.",500-10000,soon,Be careful while working near moving or hot vehicle parts.
,,,,,,Car,Petrol/Diesel,Clutch pedal feels spongy; Fluid leak near clutch pedal,Clutch Slave Cylinder,medium,no,Basic toolkit,Check clutch slave cylinder for leaks. Inspect clutch fluid level and condition,"If issue continues after basic inspection, visit a mechanic for clutch slave cylinder diagnosis.",500-10000,soon,Be careful while working near moving or hot vehicle parts.
,,,,,,Car,Petrol/Diesel,Whining noise from rear end; Vehicle vibration at high speeds,Differential,medium,no,Basic toolkit,Inspect differential fluid level and condition. Check for differential bearing wear,"If issue continues after basic inspection, visit a mechanic for differential diagnosis.",500-10000,soon,Be careful while working near moving or hot vehicle parts.
,,,,,,Car,Petrol/Diesel,Axle noise while turning; Vehicle leans to one side,Live Axle,medium,no,Basic toolkit,Inspect live axle for cracks or bending. Check axle bearings for wear,"If issue continues after basic inspection, visit a mechanic for live axle diagnosis.",500-10000,soon,Be careful while working near moving or hot vehicle parts.
,,,,,,Car,Petrol/Diesel,Vehicle bounces over bumps; Loud noise from rear axle,Rigid Axle,medium,no,Basic toolkit,Inspect rigid axle for cracks or damage. Check axle bearings for wear,"If issue continues after basic inspection, visit a mechanic for rigid axle diagnosis.",500-10000,soon,Be careful while working near moving or hot vehicle parts.
,,,,,,Car,Petrol/Diesel,Transmission slipping; Delay in gear engagement,Slushbox,medium,no,Basic toolkit,Check transmission fluid level and condition. Inspect transmission for leaks,"If issue continues after basic inspection, visit a mechanic for slushbox diagnosis.",500-10000,soon,Be careful while working near moving or hot vehicle parts.
,,,,,,Car,Petrol/Diesel,Driveline vibration; Clunking noise when shifting,Universal Joint,medium,no,Basic toolkit,Inspect universal joint for wear or play. Check driveline alignment,"If issue continues after basic inspection, visit a mechanic for universal joint diagnosis.",500-10000,soon,Be careful while working near moving or hot vehicle parts.
,,,,,,Car,Petrol/Diesel,Vehicle binding during turns; Noise from drivetrain while turning,Viscous Coupling,medium,no,Basic toolkit,Test viscous coupling operation. Inspect viscous coupling fluid,"If issue continues after basic inspection, visit a mechanic for viscous coupling diagnosis.",500-10000,soon,Be careful while working near moving or hot vehicle parts.
,,,,,,Car,Petrol/Diesel,Engine cranks slowly; Clicking sound when starting,Battery Replacement,medium,yes,Basic toolkit,Test battery voltage. Inspect battery terminals for corrosion,"If issue continues after basic inspection, visit a mechanic for battery replacement diagnosis.",500-10000,soon,Be careful while working near moving or hot vehicle parts.
,,,,,,Car,Petrol/Diesel,Battery warning light on; Dim headlights,Charging System,medium,no,Basic toolkit,Test alternator output. Check alternator belt tension,"If issue continues after basic inspection, visit a mechanic for charging system diagnosis.",500-10000,soon,Be careful while working near moving or hot vehicle parts.
,,,,,,Car,Petrol/Diesel,Check engine light on; Poor engine performance,Check Engine Light Diagnosis,medium,no,Basic toolkit,Scan for diagnostic trouble codes (DTCs). Check sensors related to DTCs,"If issue continues after basic inspection, visit a mechanic for check engine light diagnosis diagnosis.",500-10000,soon,Be careful while working near moving or hot vehicle parts.
,,,,,,Car,Petrol/Diesel,Window does not move; Window moves intermittently,Door Window Motor,medium,no,Basic toolkit,Test power to window motor. Inspect window regulator for damage,"If issue continues after basic inspection, visit a mechanic for door window motor diagnosis.",500-10000,soon,Be careful while working near moving or hot vehicle parts.
,,,,,,Car,Petrol/Diesel,Window off track; Window stuck in one position,Door Window Regulator,medium,no,Basic toolkit,Inspect window regulator mechanism. Check window alignment in tracks,"If issue continues after basic inspection, visit a mechanic for door window regulator diagnosis.",500-10000,soon,Be careful while working near moving or hot vehicle parts.
,,,,,,Car,Petrol/Diesel,Headlight not working; Dim headlight,Headlamp Bulb,medium,yes,Basic toolkit,Inspect headlamp bulb for filament condition. Check headlamp socket for corrosion,"If issue continues after basic inspection, visit a mechanic for headlamp bulb diagnosis.",500-10000,soon,Be careful while working near moving or hot vehicle parts.
,,,,,,Car,Petrol/Diesel,Engine misfires; Difficulty starting engine,Ignition Distributor Cap,medium,no,Basic toolkit,Inspect distributor cap for cracks or carbon tracks. Check distributor rotor for wear,"If issue continues after basic inspection, visit a mechanic for ignition distributor cap diagnosis.",500-10000,soon,Be careful while working near moving or hot vehicle parts.
,,,,,,Car,Petrol/Diesel,Engine misfires; Poor fuel economy,Ignition Wire Set,medium,no,Basic toolkit,Test ignition wires for continuity. Inspect spark plug boots for damage,"If issue continues after basic inspection, visit a mechanic for ignition wire set diagnosis.",500-10000,soon,Be careful while working near moving or hot vehicle parts.
,,,,,,Car,Petrol/Diesel,Door lock not responding; Clicking sound from door,Power Door Lock Actuator,medium,no,Basic toolkit,Test power to door lock actuator. Inspect actuator mechanism for obstruction,"If issue continues after basic inspection, visit a mechanic for power door lock actuator diagnosis.",500-10000,soon,Be careful while working near moving or hot vehicle parts.
,,,,,,Car,Petrol/Diesel,Engine does not crank; Clicking sound when key is turned,Starter Motor,medium,no,Basic toolkit,Test starter motor solenoid. Inspect starter motor brushes for wear,"If issue continues after basic inspection, visit a mechanic for starter motor diagnosis.",500-10000,soon,Be careful while working near moving or hot vehicle parts.
,,,,,,Car,Petrol/Diesel,No washer fluid spray; Weak washer fluid spray,Windshield Washer Pump,medium,yes,Basic toolkit,Test power to washer pump. Inspect washer pump for clogs or damage,"If issue continues after basic inspection, visit a mechanic for windshield washer pump diagnosis.",500-10000,soon,Be careful while working near moving or hot vehicle parts.
,,,,,,Car,Petrol/Diesel,Wipers not working; Wipers operate intermittently,Wiper Motor,medium,no,Basic toolkit,Test power to wiper motor. Inspect wiper motor linkage for wear,"If issue continues after basic inspection, visit a mechanic for wiper motor diagnosis.",500-10000,soon,Be careful while working near moving or hot vehicle parts.
,,,,,,Car,Petrol/Diesel,Check engine light on; Rough idle,Canister Purge Valve,medium,no,Basic toolkit,Test canister purge valve operation. Check for leaks in purge valve hoses,"If issue continues after basic inspection, visit a mechanic for canister purge valve diagnosis.",500-10000,soon,Be careful while working near moving or hot vehicle parts.
,,,,,,Car,Petrol/Diesel,Rotten egg smell from exhaust; Check engine light on,Catalytic Converter,medium,no,Basic toolkit,Inspect catalytic converter for physical damage. Check catalytic converter efficiency,"If issue continues after basic inspection, visit a mechanic for catalytic converter diagnosis.",500-10000,soon,Be careful while working near moving or hot vehicle parts.
,,,,,,Car,Petrol/Diesel,Fuel odor from vehicle; Check engine light on,Charcoal Canister,medium,no,Basic toolkit,Test charcoal canister purge valve. Inspect canister for cracks or damage,"If issue continues after basic inspection, visit a mechanic for charcoal canister diagnosis.",500-10000,soon,Be careful while working near moving or hot vehicle parts.
,,,,,,Car,Petrol/Diesel,Loud exhaust noise; Exhaust smell in cabin,Exhaust Manifold,medium,no,Basic toolkit,Inspect exhaust manifold for cracks or leaks. Check exhaust manifold gasket for leaks,"If issue continues after basic inspection, visit a mechanic for exhaust manifold diagnosis.",500-10000,soon,Be careful while working near moving or hot vehicle parts.
,,,,,,Car,Petrol/Diesel,Loud exhaust noise; Visible exhaust leaks,Exhaust Manifold Gasket,medium,no,Basic toolkit,Inspect exhaust manifold gasket for leaks. Check exhaust manifold bolts for tightness,"If issue continues after basic inspection, visit a mechanic for exhaust manifold gasket diagnosis.",500-10000,soon,Be careful while working near moving or hot vehicle parts.
,,,,,,Car,Petrol/Diesel,Check engine light on; Gas cap warning light,Fuel Tank Pressure Sensor,medium,no,Basic toolkit,Test fuel tank pressure sensor. Check fuel tank cap for proper seal,"If issue continues after basic inspection, visit a mechanic for fuel tank pressure sensor diagnosis.",500-10000,soon,Be careful while working near moving or hot vehicle parts.
,,,,,,Car,Petrol/Diesel,Engine knocking/pinging; Poor fuel economy,Knock Sensor,medium,no,Basic toolkit,Test knock sensor operation. Inspect for engine misfire codes,"If issue continues after basic inspection, visit a mechanic for knock sensor diagnosis.",500-10000,soon,Be careful while working near moving or hot vehicle parts.
,,,,,,Car,Petrol/Diesel,Check engine light on; Rough idle,M.A.P. Sensor,medium,no,Basic toolkit,Test M.A.P. sensor voltage. Inspect M.A.P. sensor vacuum hose,"If issue continues after basic inspection, visit a mechanic for m.a.p. sensor diagnosis.",500-10000,soon,Be careful while working near moving or hot vehicle parts.
,,,,,,Car,Petrol/Diesel,Check engine light on; Poor fuel economy,Oxygen Sensor,medium,no,Basic toolkit,Test oxygen sensor voltage. Inspect oxygen sensor wiring for damage,"If issue continues after basic inspection, visit a mechanic for oxygen sensor diagnosis.",500-10000,soon,Be careful while working near moving or hot vehicle parts.
,,,,,,Car,Petrol/Diesel,Engine vibration; Rough idle,Balance Shaft,medium,no,Basic toolkit,Inspect balance shaft for wear or damage. Check balance shaft alignment,"If issue continues after basic inspection, visit a mechanic for balance shaft diagnosis.",500-10000,soon,Be careful while working near moving or hot vehicle parts.
,,,,,,Car,Petrol/Diesel,Loss of power; Turbo lag,Boost Pressure,medium,no,Basic toolkit,Check boost pressure with gauge. Inspect intercooler for leaks or damage,"If issue continues after basic inspection, visit a mechanic for boost pressure diagnosis.",500-10000,soon,Be careful while working near moving or hot vehicle parts.
,,,,,,Car,Petrol/Diesel,Engine misfires; Black smoke from exhaust,Diesel Injection Pump,medium,no,Basic toolkit,Test diesel injection pump pressure. Inspect diesel injectors for leaks or clogs,"If issue continues after basic inspection, visit a mechanic for diesel injection pump diagnosis.",500-10000,soon,Be careful while working near moving or hot vehicle parts.
,,,,,,Car,Petrol/Diesel,Hard starting in cold weather; Glow plug indicator light stays on,Diesel Glow Plug,medium,no,Basic toolkit,Test glow plug resistance. Inspect glow plug for carbon buildup,"If issue continues after basic inspection, visit a mechanic for diesel glow plug diagnosis.",500-10000,soon,Be careful while working near moving or hot vehicle parts.
,,,,,,Car,Petrol/Diesel,Excessive engine movement; Clunking noise when accelerating,Engine Mounts,medium,no,Basic toolkit,Inspect engine mounts for wear or damage. Check mounting bolts for tightness,"If issue continues after basic inspection, visit a mechanic for engine mounts diagnosis.",500-10000,soon,Be careful while working near moving or hot vehicle parts.
,,,,,,Car,Petrol/Diesel,Engine misfires; Rough idle,Exhaust Valve,medium,no,Basic toolkit,Inspect exhaust valve for carbon buildup. Check valve clearance,"If issue continues after basic inspection, visit a mechanic for exhaust valve diagnosis.",500-10000,soon,Be careful while working near moving or hot vehicle parts.
,,,,,,Car,Petrol/Diesel,Engine misfires; Poor fuel economy,Fuel Injector,medium,no,Basic toolkit,Test fuel injector spray pattern. Inspect injector for leaks or clogs,"If issue continues after basic inspection, visit a mechanic for fuel injector diagnosis.",500-10000,soon,Be careful while working near moving or hot vehicle parts.
,,,,,,Car,Petrol/Diesel,Erratic idle speed; Stalling at idle,Idle Air Control Valve,medium,no,Basic toolkit,Test IAC valve for proper operation. Clean throttle body and IAC valve,"If issue continues after basic inspection, visit a mechanic for idle air control valve diagnosis.",500-10000,soon,Be careful while working near moving or hot vehicle parts.
,,,,,,Car,Petrol/Diesel,Engine misfires; Rough idle,Intake Valve,medium,no,Basic toolkit,Inspect intake valve for carbon buildup. Check valve clearance,"If issue continues after basic inspection, visit a mechanic for intake valve diagnosis.",500-10000,soon,Be careful while working near moving or hot vehicle parts.
,,,,,,Car,Petrol/Diesel,Low oil pressure warning light; Engine knocking noise,Oil Pump,medium,no,Basic toolkit,Test oil pressure with gauge. Inspect oil pump for wear or damage,"If issue continues after basic inspection, visit a mechanic for oil pump diagnosis.",500-10000,soon,Be careful while working near moving or hot vehicle parts.
,,,,,,Car,Petrol/Diesel,Blue smoke from exhaust; Loss of engine power,Piston Rings,medium,no,Basic toolkit,Perform compression test. Inspect piston rings for wear or damage,"If issue continues after basic inspection, visit a mechanic for piston rings diagnosis.",500-10000,soon,Be careful while working near moving or hot vehicle parts.
,,,,,,Car,Petrol/Diesel,Engine misfires; Engine won't start,Timing Belt,medium,yes,Basic toolkit,Inspect timing belt for wear or damage. Check timing marks for alignment,"If issue continues after basic inspection, visit a mechanic for timing belt diagnosis.",500-10000,soon,Be careful while working near moving or hot vehicle parts.
,,,,,,Car,Petrol/Diesel,Oil leak around valve cover; Burning oil smell from engine bay,Valve Cover Gasket,medium,no,Basic toolkit,Inspect valve cover gasket for leaks. Check valve cover bolts for tightness,"If issue continues after basic inspection, visit a mechanic for valve cover gasket diagnosis.",500-10000,soon,Be careful while working near moving or hot vehicle parts.
,,,,,,Car,Petrol/Diesel,Engine overheating; Squealing noise from engine bay,Fan Belt,high,yes,Basic toolkit,Inspect fan belt for cuts or wear. Check belt tension and alignment,"If issue continues after basic inspection, visit a mechanic for fan belt diagnosis.",500-10000,immediate,Be careful while working near moving or hot vehicle parts.
,,,,,,Car,Petrol/Diesel,No sound when horn button pressed,Horn,medium,no,Basic toolkit,Check horn fuse. Test horn relay for operation,"If issue continues after basic inspection, visit a mechanic for horn diagnosis.",500-10000,soon,Be careful while working near moving or hot vehicle parts.
,,,,,,Car,Petrol/Diesel,Battery warning light on; Low voltage,Battery Charging,medium,yes,Basic toolkit,Test battery voltage. Inspect alternator for proper operation,"If issue continues after basic inspection, visit a mechanic for battery charging diagnosis.",500-10000,soon,Be careful while working near moving or hot vehicle parts.
,,,,,,Car,Petrol/Diesel,Engine performance issues; Squealing noise from engine bay,Engine Belt,medium,yes,Basic toolkit,Inspect engine belt for cuts or wear. Check belt tension and alignment,"If issue continues after basic inspection, visit a mechanic for engine belt diagnosis.",500-10000,soon,Be careful while working near moving or hot vehicle parts.
,,,,,,Car,Petrol/Diesel,Noise when turning steering wheel,Steering Noise,medium,no,Basic toolkit,Inspect power steering fluid level. Check power steering pump and hoses for leaks,"If issue continues after basic inspection, visit a mechanic for steering noise diagnosis.",500-10000,soon,Be careful while working near moving or hot vehicle parts.
,,,,,,Car,Petrol/Diesel,Uneven tire wear; Vibration while driving,Shaft and Tires,medium,no,Basic toolkit,Inspect shaft for balance and alignment. Check tire pressure and condition,"If issue continues after basic inspection, visit a mechanic for shaft and tires diagnosis.",500-10000,soon,Be careful while working near moving or hot vehicle parts.
,,,,,,Car,Petrol/Diesel,Decreased engine performance; Black smoke from exhaust,Air Filter,medium,yes,Basic toolkit,Inspect air filter for clogs or dirt. Replace air filter if necessary,"If issue continues after basic inspection, visit a mechanic for air filter diagnosis.",500-10000,soon,Be careful while working near moving or hot vehicle parts.
,,,,,,Car,Petrol/Diesel,Engine misfires; Poor fuel economy,Engine Control Unit (ECU),medium,no,Basic toolkit,Check ECU for fault codes. Inspect ECU wiring harness for damage,"If issue continues after basic inspection, visit a mechanic for engine control unit (ecu) diagnosis.",500-10000,soon,Be careful while working near moving or hot vehicle parts.
,,,,,,Car,Petrol/Diesel,Low oil pressure warning light; Loud engine noise,Engine Oil,medium,no,Basic toolkit,Check engine oil level and condition. Inspect for oil leaks,"If issue continues after basic inspection, visit a mechanic for engine oil diagnosis.",500-10000,soon,Be careful while working near moving or hot vehicle parts.
,,,,,,Car,Petrol/Diesel,Engine stalls at high speeds; Poor acceleration,Fuel Filter,medium,yes,Basic toolkit,Inspect fuel filter for clogs or debris. Replace fuel filter if necessary,"If issue continues after basic inspection, visit a mechanic for fuel filter diagnosis.",500-10000,soon,Be careful while working near moving or hot vehicle parts.
,,,,,,Car,Petrol/Diesel,Oil leaks; Rough idle,PCV Valve,medium,no,Basic toolkit,Inspect PCV valve for clogs. Check PCV valve hose for cracks,"If issue continues after basic inspection, visit a mechanic for pcv valve diagnosis.",500-10000,soon,Be careful while working near moving or hot vehicle parts.
,,,,,,Car,Petrol/Diesel,Poor acceleration; Stalling at idle,Throttle Body,medium,no,Basic toolkit,Inspect throttle body for carbon buildup. Test throttle position sensor (TPS),"If issue continues after basic inspection, visit a mechanic for throttle body diagnosis.",500-10000,soon,Be careful while working near moving or hot vehicle parts.
,,,,,,Car,Petrol/Diesel,Engine stalls; Black smoke from exhaust,Fuel Pressure Regulator,medium,no,Basic toolkit,Test fuel pressure regulator operation. Check fuel pressure at regulator,"If issue continues after basic inspection, visit a mechanic for fuel pressure regulator diagnosis.",500-10000,soon,Be careful while working near moving or hot vehicle parts.
,,,,,,Car,Petrol/Diesel,Engine sputters at high speeds; Loss of power,Fuel Pump,medium,no,Basic toolkit,Test fuel pump pressure. Inspect fuel pump for leaks or damage,"If issue continues after basic inspection, visit a mechanic for fuel pump diagnosis.",500-10000,soon,Be careful while working near moving or hot vehicle parts.
,,,,,,Car,Petrol/Diesel,Fuel odor inside vehicle; Visible fuel leak under vehicle,Fuel Tank,medium,no,Basic toolkit,Inspect fuel tank for leaks or damage. Check fuel filler cap for seal,"If issue continues after basic inspection, visit a mechanic for fuel tank diagnosis.",500-10000,soon,Be careful while working near moving or hot vehicle parts.
,,,,,,Car,Petrol/Diesel,Engine hesitates on acceleration; Stalling at idle,Throttle Position Sensor,medium,no,Basic toolkit,Test throttle position sensor (TPS) voltage. Inspect TPS wiring for damage or corrosion,"If issue continues after basic inspection, visit a mechanic for throttle position sensor diagnosis.",500-10000,soon,Be careful while working near moving or hot vehicle parts.
,,,,,,Car,Petrol/Diesel,Soft brake pedal; Brake warning light on,Brake Fluid,high,yes,Basic toolkit,Check brake fluid level and condition. Inspect brake lines for leaks,"If issue continues after basic inspection, visit a mechanic for brake fluid diagnosis.",500-10000,immediate,Be careful while working near moving or hot vehicle parts.
,,,,,,Car,Petrol/Diesel,Engine overheating; Low coolant warning light,Coolant Reservoir,high,yes,Basic toolkit,Check coolant level in reservoir. Inspect reservoir for cracks or leaks,"If issue continues after basic inspection, visit a mechanic for coolant reservoir diagnosis.",500-10000,immediate,Be careful while working near moving or hot vehicle parts.
,,,,,,Car,Petrol/Diesel,Whining noise when turning; Stiff steering wheel,Power Steering Fluid,medium,yes,Basic toolkit,Check power steering fluid level. Inspect power steering hoses for leaks,"If issue continues after basic inspection, visit a mechanic for power steering fluid diagnosis.",500-10000,soon,Be careful while working near moving or hot vehicle parts.
,,,,,,Car,Petrol/Diesel,Engine overheating; Coolant leak,Radiator,high,no,Basic toolkit,Inspect radiator for leaks or damage. Check radiator cap for proper seal,"If issue continues after basic inspection, visit a mechanic for radiator diagnosis.",500-10000,immediate,Be careful while working near moving or hot vehicle parts.
,,,,,,Car,Petrol/Diesel,No washer fluid spray; Weak washer fluid spray,Windshield Washer Fluid,medium,yes,Basic toolkit,Check washer fluid level. Inspect washer fluid pump for operation,"If issue continues after basic inspection, visit a mechanic for windshield washer fluid diagnosis.",500-10000,soon,Be careful while working near moving or hot vehicle parts.
,,,,,,Car,Petrol/Diesel,Soft clutch pedal; Clutch slipping,Clutch Master Cylinder,medium,no,Basic toolkit,Check clutch fluid level. Inspect master cylinder for leaks,"If issue continues after basic inspection, visit a mechanic for clutch master cylinder diagnosis.",500-10000,soon,Be careful while working near moving or hot vehicle parts.
,,,,,,Car,Petrol/Diesel,Slipping gears; Shuddering during acceleration,Torque Converter,medium,no,Basic toolkit,Inspect torque converter for leaks or damage. Check transmission fluid level and condition,"If issue continues after basic inspection, visit a mechanic for torque converter diagnosis.",500-10000,soon,Be careful while working near moving or hot vehicle parts.
,,,,,,Car,Petrol/Diesel,Gears slipping; Transmission overheating,Transmission Fluid,high,yes,Basic toolkit,Check transmission fluid level and condition. Inspect transmission pan and seals for leaks,"If issue continues after basic inspection, visit a mechanic for transmission fluid diagnosis.",500-10000,immediate,Be careful while working near moving or hot vehicle parts.
,,,,,,Car,Petrol/Diesel,Delayed shifting; Transmission slipping,Transmission Filter,medium,yes,Basic toolkit,Inspect transmission filter for clogs or debris. Replace transmission filter if necessary,"If issue continues after basic inspection, visit a mechanic for transmission filter diagnosis.",500-10000,soon,Be careful while working near moving or hot vehicle parts.
,,,,,,Car,Petrol/Diesel,Erratic shifting; Transmission won't shift gears,Transmission Solenoid,high,no,Basic toolkit,Test transmission solenoids for electrical continuity. Inspect wiring harness for damage or corrosion,"If issue continues after basic inspection, visit a mechanic for transmission solenoid diagnosis.",500-10000,immediate,Be careful while working near moving or hot vehicle parts.
,,,,,,Car,Petrol/Diesel,Grinding noise from wheels; Uneven tire wear,Wheel Bearing,medium,no,Basic toolkit,Check wheel bearing for play. Inspect bearing for signs of damage or corrosion,"If issue continues after basic inspection, visit a mechanic for wheel bearing diagnosis.",500-10000,soon,Be careful while working near moving or hot vehicle parts.
,,,,,,Car,Petrol/Diesel,TPMS warning light on; Low tire pressure,Tire Pressure Monitoring System (TPMS),medium,no,Basic toolkit,Check tire pressures with gauge. Inspect TPMS sensors for damage or corrosion,"If issue continues after basic inspection, visit a mechanic for tire pressure monitoring system (tpms) diagnosis.",500-10000,soon,Be careful while working near moving or hot vehicle parts.
,,,,,,Car,Petrol/Diesel,Clicking or popping noise when turning; Wheel wobbling,Wheel Hub,medium,no,Basic toolkit,Inspect wheel hub for play or bearing noise. Check wheel bearings for wear,"If issue continues after basic inspection, visit a mechanic for wheel hub diagnosis.",500-10000,soon,Be careful while working near moving or hot vehicle parts.
,,,,,,Car,Petrol/Diesel,Brake pedal feels soft,Low brake fluid or brake leak,high,yes,Brake fluid,Check brake fluid level. Refill if low. Inspect for visible leaks.,"If pedal still feels soft, mechanic should inspect brake lines or master cylinder.",300-8000,immediate,Driving with faulty brakes is dangerous.
,,,,,,Car,Petrol/Diesel,Battery warning light on,Alternator failure,high,no,Multimeter,Check battery terminals and look for loose alternator belt.,Mechanic should test charging system and replace alternator if needed.,2500-12000,immediate,Vehicle may stop suddenly if charging system fails.
,,,,,,Car,Petrol/Diesel,Engine overheating,"Coolant leak, faulty radiator fan, stuck thermostat",high,partially,Coolant bottle,Turn off engine. Let it cool. Check coolant level and radiator fan operation.,"If overheating continues, mechanic should inspect radiator, thermostat, or head gasket.",500-25000,immediate,Never open radiator cap while engine is hot.
,,,,,,Car,Petrol/Diesel,Transmission slipping,Low or contaminated transmission fluid,high,partially,Transmission fluid,Check transmission fluid level and condition.,"If slipping continues, internal transmission wear may require mechanic repair.",1000-50000,soon,Ignoring transmission issues can lead to complete failure.
